Function Stack;CPU Time:Total;CPU Time:Self;Memory Bound:Total(%);Memory Bound:L1 Bound:Total(%);Memory Bound:L2 Bound:Total(%);Memory Bound:L3 Bound:Total(%);Memory Bound:DRAM Bound:Total(%);Memory Bound:DRAM Bound:Memory Bandwidth:Total(%);Memory Bound:DRAM Bound:Memory Latency:Total(%);Memory Bound:Self(%);Memory Bound:L1 Bound:Self(%);Memory Bound:L2 Bound:Self(%);Memory Bound:L3 Bound:Self(%);Memory Bound:DRAM Bound:Self(%);Memory Bound:DRAM Bound:Memory Bandwidth:Self(%);Memory Bound:DRAM Bound:Memory Latency:Self(%);Loads:Total;Loads:Self;Stores:Total;Stores:Self;LLC Miss Count:Total;LLC Miss Count:Self;Average Latency (cycles):Total;Average Latency (cycles):Self;Module;Function (Full);Source File;Start Address
Total;100.000000;0.0;;;;;;;;0.0;0.0;0.0;0.0;0.0;0.0;0.0;100.000000;0;100.000000;0;;0;;0.0;[Unknown];[Unknown];[Unknown];[Unknown]
 TComTrQuant::xRateDistOptQuant;11.789474;0.784000;;;;;;;;7.6;6.2;0.8;0.0;0.0;0.0;3.1;10.689680;1806054180;12.433905;931227936;;0;;7.848837;TAppEncoderStatic;TComTrQuant::xRateDistOptQuant(TComTU&, int*, int*, int*, int&, ComponentID, QpParam const&);[Unknown];0x103680
 TComRdCost::xCalcHADs8x8;11.563910;0.769000;;;;;;;;0.5;2.2;0.0;0.0;0.0;0.7;0.7;11.911357;2012460372;24.563371;1839655188;;0;;13.766497;TAppEncoderStatic;TComRdCost::xCalcHADs8x8(short const*, short const*, int, int, int);[Unknown];0xe7b80
 TComInterpolationFilter::filter<(int)8, (bool)1, (bool)0, (bool)1>;7.323308;0.487000;;;;;;;;-0.0;0.0;0.0;0.0;0.0;0.0;1.2;11.449677;1934458032;5.191476;388811664;;0;;7.920635;TAppEncoderStatic;void TComInterpolationFilter::filter<(int)8, (bool)1, (bool)0, (bool)1>(int, short const*, int, short*, int, int, int, short const*);[Unknown];0x111880
 TComInterpolationFilter::filter<(int)8, (bool)0, (bool)1, (bool)0>;5.233083;0.348000;;;;;;;;0.0;4.8;0.0;1.6;0.0;0.0;20.7;8.622772;1456843704;2.852107;213606408;;0;;9.263158;TAppEncoderStatic;void TComInterpolationFilter::filter<(int)8, (bool)0, (bool)1, (bool)0>(int, short const*, int, short*, int, int, int, short const*);[Unknown];0x10cf90
 TComInterpolationFilter::filterCopy;3.218045;0.214000;;;;;;;;;5.3;0.0;2.7;0.0;8.0;5.3;1.690461;285608568;2.467553;184805544;;0;;9.947368;TAppEncoderStatic;TComInterpolationFilter::filterCopy(int, short const*, int, short*, int, int, int, bool, bool);[Unknown];0x10aba0
 TComRdCost::xGetSAD8;3.157895;0.210000;;;;;;;;0.0;3.0;0.0;0.0;0.0;0.0;0.0;4.517366;763222896;0.208300;15600468;;0;;7.127907;TAppEncoderStatic;TComRdCost::xGetSAD8(DistParam*);[Unknown];0xd0830
 TComRdCost::xGetSAD16;2.962406;0.197000;;;;;;;;-0.0;0.0;0.0;0.0;0.0;0.0;0.0;4.503161;760822824;0.080115;6000180;;0;;7.097222;TAppEncoderStatic;TComRdCost::xGetSAD16(DistParam*);[Unknown];0xd09b0
 TComRdCost::xCalcHADs4x4;2.887218;0.192000;;;;;;;;2.8;11.3;0.0;0.0;0.0;0.0;0.0;2.720364;459613788;3.749399;280808424;;0;;22.484848;TAppEncoderStatic;TComRdCost::xCalcHADs4x4(short const*, short const*, int, int, int);[Unknown];0xe7780
 __memset_avx2_unaligned_erms;2.646617;0.176000;;;;;;;;39.4;2.9;0.0;0.0;0.0;2.9;0.0;1.321117;223206696;3.412915;255607668;;0;;9.400000;libc-2.27.so;__memset_avx2_unaligned_erms;memset-vec-unaligned-erms.S;0x18ef50
 TEncSearch::xEstimateInterResidualQT;2.631579;0.175000;;;;;;;;5.3;6.6;0.0;0.0;0.0;0.0;3.3;2.606719;440413212;3.973722;297608928;;0;;8.173077;TAppEncoderStatic;TEncSearch::xEstimateInterResidualQT(TComYuv*, double&, unsigned int&, unsigned int&, unsigned int*, TComTU&);[Unknown];0x90f30
 __memmove_avx_unaligned_erms;2.300752;0.153000;;;;;;;;0.0;0.0;0.0;4.2;4.2;16.9;0.0;2.301300;388811664;4.486461;336010080;;0;;13.027778;libc-2.27.so;__memmove_avx_unaligned_erms;memmove-vec-unaligned-erms.S;0x18ead0
 TComRdCost::xGetSAD32;1.909774;0.127000;;;;;;;;0.0;0.0;4.6;0.0;0.0;4.6;0.0;2.805597;474014220;0.0;0;;0;;7.107143;TAppEncoderStatic;TComRdCost::xGetSAD32(DistParam*);[Unknown];0xd0e00
 TEncSbac::codeCoeffNxN;1.759398;0.117000;;;;;;;;38.7;28.0;0.0;0.0;0.0;0.0;0.0;0.681867;115203456;1.217754;91202736;;0;;7.000000;TAppEncoderStatic;TEncSbac::codeCoeffNxN(TComTU&, int*, ComponentID);[Unknown];0x814e0
 TComRdCost::xGetExpGolombNumberOfBits;1.413534;0.094000;;;;;;;;-0.0;0.0;0.0;0.0;0.0;0.0;19.2;1.505789;254407632;0.0;0;;0;;7.000000;TAppEncoderStatic;TComRdCost::xGetExpGolombNumberOfBits(int);[Unknown];0xe7300
 TComRdCost::xGetSAD64;1.127820;0.075000;;;;;;;;0.0;0.0;8.3;0.0;0.0;0.0;8.3;1.569714;265207956;0.0;0;;0;;7.000000;TAppEncoderStatic;TComRdCost::xGetSAD64(DistParam*);[Unknown];0xd1580
 __memset_avx2_erms;1.112782;0.074000;;;;;;;;8.7;0.0;0.0;0.0;0.0;0.0;8.8;0.092336;15600468;0.096138;7200216;;0;;0.0;libc-2.27.so;__memset_avx2_erms;memset-vec-unaligned-erms.S;0x18ef20
 TComTrQuant::getSigCtxInc;1.052632;0.070000;;;;;;;;;8.3;0.0;0.0;0.0;0.0;0.0;0.852333;144004320;0.144208;10800324;;0;;8.250000;TAppEncoderStatic;TComTrQuant::getSigCtxInc(int, TUEntropyCodingParameters const&, int, int, int, ChannelType);[Unknown];0x103530
 partialButterfly16;1.037594;0.069000;;;;;;;;-0.0;0.0;0.0;0.0;0.0;0.0;0.0;1.257192;212406372;0.769108;57601728;;0;;7.052632;TAppEncoderStatic;partialButterfly16(int*, int*, int, int);[Unknown];0xfb140
 TEncSearch::xPatternRefinement;1.007519;0.067000;;;;;;;;21.1;33.3;0.0;0.0;0.0;0.0;0.0;0.546914;92402772;0.528761;39601188;;0;;7.000000;TAppEncoderStatic;TEncSearch::xPatternRefinement(TComPattern*, TComMv, int, TComMv&, bool);[Unknown];0x83ee0
 TEncBinCABACCounter::encodeBin;0.992481;0.066000;;;;;;;;0.0;20.2;0.0;0.0;0.0;0.0;0.0;0.802614;135604068;0.849223;63601908;;0;;7.071429;TAppEncoderStatic;TEncBinCABACCounter::encodeBin(unsigned int, ContextModel&);[Unknown];0x6bc40
 TComRdCost::xGetHADs;0.902256;0.060000;;;;;;;;-0.0;0.0;0.0;0.0;0.0;0.0;0.0;0.653456;110403312;2.211184;165604968;;0;;8.772727;TAppEncoderStatic;TComRdCost::xGetHADs(DistParam*);[Unknown];0xea4e0
 TComPrediction::xPredInterUni;0.887218;0.059000;;;;;;;;-0.0;0.0;0.0;15.2;0.0;15.2;30.3;0.752894;127203816;0.592854;44401332;;0;;7.230769;TAppEncoderStatic;TComPrediction::xPredInterUni(TComDataCU*, unsigned int, int, int, RefPicList, TComYuv*, bool);[Unknown];0xc9860
 TComRdCost::xGetSSE8;0.857143;0.057000;;;;;;;;;24.7;0.0;0.0;0.0;0.0;0.0;0.838128;141604248;0.624900;46801404;;0;;8.666667;TAppEncoderStatic;TComRdCost::xGetSSE8(DistParam*);[Unknown];0xd7550
 partialButterfly32;0.842105;0.056000;;;;;;;;0.0;0.0;0.0;0.0;0.0;0.0;0.0;1.392144;235207056;0.544784;40801224;;0;;7.000000;TAppEncoderStatic;partialButterfly32(int*, int*, int, int);[Unknown];0xfca40
 TComRdCost::xGetSSE16;0.827068;0.055000;;;;;;;;0.0;12.6;0.0;0.0;0.0;0.0;12.6;0.575325;97202916;0.384554;28800864;;0;;42.750000;TAppEncoderStatic;TComRdCost::xGetSSE16(DistParam*);[Unknown];0xd8670
 TEncSearch::xPatternSearch;0.796992;0.053000;;;;;;;;0.0;42.6;0.0;0.0;0.0;0.0;0.0;0.234392;39601188;0.833200;62401872;;0;;7.000000;TAppEncoderStatic;TEncSearch::xPatternSearch(TComPattern const*, short const*, int, TComMv const*, TComMv const*, TComMv&, unsigned int&);[Unknown];0x8cac0
 partialButterfly8;0.796992;0.053000;;;;;;;;-0.0;0.0;0.0;0.0;0.0;12.3;0.0;1.072519;181205436;0.737061;55201656;;0;;7.772727;TAppEncoderStatic;partialButterfly8(int*, int*, int, int);[Unknown];0xf9920
 TComInterpolationFilter::filter<(int)4, (bool)0, (bool)1, (bool)0>;0.706767;0.047000;;;;;;;;0.0;0.0;0.0;15.2;0.0;15.2;30.3;0.333831;56401692;0.288415;21600648;;0;;11.285714;TAppEncoderStatic;void TComInterpolationFilter::filter<(int)4, (bool)0, (bool)1, (bool)0>(int, short const*, int, short*, int, int, int, short const*);[Unknown];0x10ea40
 TEncSbac::estBit;0.706767;0.047000;;;;;;;;-0.0;0.0;0.0;0.0;0.0;0.0;0.0;1.314014;222006660;1.554238;116403492;;0;;6.961538;TAppEncoderStatic;TEncSbac::estBit(estBitsSbacStruct*, int, int, ChannelType, COEFF_SCAN_TYPE);[Unknown];0x82eb0
 TComYuv::addAvg;0.661654;0.044000;;;;;;;;0.0;0.0;0.0;0.0;0.0;9.8;0.0;0.383550;64801944;0.448646;33601008;;0;;7.727273;TAppEncoderStatic;TComYuv::addAvg(TComYuv const*, TComYuv const*, unsigned int, unsigned int, unsigned int, BitDepths const&);[Unknown];0xa05b0
 TComPrediction::xPredIntraAng;0.646617;0.043000;;;;;;;;-0.0;0.0;0.0;0.0;0.0;0.0;0.0;0.085233;14400432;0.640923;48001440;;0;;7.285714;TAppEncoderStatic;TComPrediction::xPredIntraAng(int, short const*, int, short*, int, unsigned int, unsigned int, ChannelType, unsigned int, bool);[Unknown];0xc8960
 TComRdCost::xGetSSE32;0.646617;0.043000;;;;;;;;13.8;32.5;0.0;0.0;0.0;0.0;0.0;0.348036;58801764;0.208300;15600468;;0;;49.900000;TAppEncoderStatic;TComRdCost::xGetSSE32(DistParam*);[Unknown];0xda6d0
 partialButterfly4;0.646617;0.043000;;;;;;;;;0.0;0.0;0.0;0.0;14.2;0.0;0.710278;120003600;1.041500;78002340;;0;;7.000000;TAppEncoderStatic;partialButterfly4(int*, int*, int, int);[Unknown];0xf7eb0
 TComTrQuant::xT;0.616541;0.041000;;;;;;;;;0.0;0.0;0.0;0.0;0.0;0.0;0.397756;67202016;1.089569;81602448;;0;;10.000000;TAppEncoderStatic;TComTrQuant::xT(int, bool, short*, unsigned int, int*, int, int, int);[Unknown];0x102a30
 TEncSearch::predInterSearch;0.586466;0.039000;;;;;;;;-0.0;0.0;13.1;0.0;0.0;0.0;0.0;0.220186;37201116;0.496715;37201116;;0;;12.000000;TAppEncoderStatic;TEncSearch::predInterSearch(TComDataCU*, TComYuv*, TComYuv*, TComYuv*, TComYuv*, bool, bool);[Unknown];0x95ff0
 TComRdCost::xGetSAD4;0.556391;0.037000;;;;;;;;;0.0;0.0;0.0;0.0;0.0;11.3;0.958875;162004860;0.048069;3600108;;0;;7.700000;TAppEncoderStatic;TComRdCost::xGetSAD4(DistParam*);[Unknown];0xd0740
 TComYuv::copyPartToPartYuv;0.496241;0.033000;;;;;;;;-0.0;0.0;0.0;0.0;0.0;31.7;0.0;0.269906;45601368;0.272392;20400612;;0;;7.000000;TAppEncoderStatic;TComYuv::copyPartToPartYuv(TComYuv*, unsigned int, unsigned int, unsigned int) const;[Unknown];0x9f700
 TEncSbac::estLastSignificantPositionBit;0.496241;0.033000;;;;;;;;;0.0;0.0;0.0;0.0;0.0;16.7;0.539811;91202736;0.464669;34801044;;0;;7.125000;TAppEncoderStatic;TEncSbac::estLastSignificantPositionBit(estBitsSbacStruct*, int, int, ChannelType, COEFF_SCAN_TYPE);[Unknown];0x82cb0
 TEncSearch::xTZSearchHelp;0.481203;0.032000;;;;;;;;;13.1;0.0;0.0;0.0;0.0;13.1;0.511400;86402592;0.849223;63601908;;0;;8.100000;TAppEncoderStatic;TEncSearch::xTZSearchHelp(TComPattern const*, TEncSearch::IntTZSearchStruct&, int, int, unsigned char, unsigned int);[Unknown];0x99200
 getTUEntropyCodingParameters;0.466165;0.031000;;;;;;;;-0.0;0.0;0.0;0.0;0.0;0.0;0.0;0.355139;60001800;0.608877;45601368;;0;;7.153846;TAppEncoderStatic;getTUEntropyCodingParameters(TUEntropyCodingParameters&, TComTU&, ComponentID);[Unknown];0xa8ba0
 TComRdCost::xGetSSE4;0.421053;0.028000;;;;;;;;-0.0;0.0;0.0;0.0;0.0;0.0;0.0;0.667661;112803384;0.512738;38401152;;0;;7.000000;TAppEncoderStatic;TComRdCost::xGetSSE4(DistParam*);[Unknown];0xd6a10
 TComDataCU::initEstData;0.390977;0.026000;;;;;;;;-0.0;0.0;0.0;0.0;0.0;0.0;0.0;0.518503;87602628;1.249800;93602808;;0;;7.777778;TAppEncoderStatic;TComDataCU::initEstData(unsigned int, int, bool);[Unknown];0xa9c10
 TComYuv::addClip;0.390977;0.026000;;;;;;;;-0.0;0.0;0.0;0.0;0.0;0.0;0.0;0.355139;60001800;0.272392;20400612;;0;;8.000000;TAppEncoderStatic;TComYuv::addClip(TComYuv const*, TComYuv const*, unsigned int, unsigned int, BitDepths const&);[Unknown];0x9fde0
 TEncSearch::xIntraCodingTUBlock;0.390977;0.026000;;;;;;;;0.0;16.3;0.0;0.0;0.0;0.0;0.0;0.099439;16800504;0.528761;39601188;;0;;10.125000;TAppEncoderStatic;TEncSearch::xIntraCodingTUBlock(TComYuv*, TComYuv*, TComYuv*, short (*)[4096], bool, unsigned int&, ComponentID, TComTU&, int);[Unknown];0x859b0
 TComInterpolationFilter::filter<(int)8, (bool)1, (bool)0, (bool)0>;0.360902;0.024000;;;;;;;;0.0;41.7;0.0;0.0;0.0;0.0;0.0;0.561119;94802844;0.144208;10800324;;0;;9.400000;TAppEncoderStatic;void TComInterpolationFilter::filter<(int)8, (bool)1, (bool)0, (bool)0>(int, short const*, int, short*, int, int, int, short const*);[Unknown];0x112cd0
 TEncSbac::estSignificantMapBit;0.345865;0.023000;;;;;;;;0.0;0.0;0.0;0.0;0.0;0.0;0.0;0.419064;70802124;0.512738;38401152;;0;;7.166667;TAppEncoderStatic;TEncSbac::estSignificantMapBit(estBitsSbacStruct*, int, int, ChannelType);[Unknown];0x82b50
 TComYuv::removeHighFreq;0.330827;0.022000;;;;;;;;0.0;35.1;0.0;0.0;0.0;0.0;0.0;0.198878;33601008;0.272392;20400612;;0;;7.000000;TAppEncoderStatic;TComYuv::removeHighFreq(TComYuv const*, unsigned int, unsigned int, unsigned int, int const*, bool);[Unknown];0xa11f0
 TComInterpolationFilter::filter<(int)8, (bool)1, (bool)1, (bool)1>;0.315789;0.021000;;;;;;;;-0.0;0.0;0.0;0.0;0.0;0.0;0.0;0.369344;62401872;0.288415;21600648;;0;;8.444444;TAppEncoderStatic;void TComInterpolationFilter::filter<(int)8, (bool)1, (bool)1, (bool)1>(int, short const*, int, short*, int, int, int, short const*);[Unknown];0x10f1f0
 TComInterpolationFilter::filterVer;0.315789;0.021000;;;;;;;;-0.0;0.0;0.0;0.0;0.0;0.0;0.0;0.326728;55201656;0.144208;10800324;;0;;7.285714;TAppEncoderStatic;TComInterpolationFilter::filterVer(ComponentID, short*, int, short*, int, int, int, int, bool, bool, ChromaFormat, int);[Unknown];0x10baa0
 TComTrQuant::transformNxN;0.315789;0.021000;;;;;;;;-0.0;0.0;0.0;0.0;0.0;0.0;0.0;0.390653;66001980;0.753084;56401692;;0;;8.750000;TAppEncoderStatic;TComTrQuant::transformNxN(TComTU&, ComponentID, short*, unsigned int, int*, int*, int&, QpParam const&);[Unknown];0x108730
 TComDataCU::fillMvpCand;0.300752;0.020000;;;;;;;;-0.0;0.0;27.8;0.0;0.0;0.0;55.6;0.142056;24000720;0.192277;14400432;;0;;10.500000;TAppEncoderStatic;TComDataCU::fillMvpCand(unsigned int, unsigned int, RefPicList, int, _AMVPInfo*) const;[Unknown];0xafc50
 TComPrediction::xPredInterBlk;0.300752;0.020000;;;;;;;;0.0;0.0;66.7;0.0;0.0;0.0;33.3;0.163364;27600828;0.080115;6000180;;0;;7.000000;TAppEncoderStatic;TComPrediction::xPredInterBlk(ComponentID, TComDataCU*, TComPicYuv*, unsigned int, TComMv*, int, int, TComYuv*, bool, int);[Unknown];0xca3d0
 TComRdCost::getDistPart;0.300752;0.020000;;;;;;;;-0.0;0.0;0.0;0.0;0.0;0.0;78.4;0.404858;68402052;0.640923;48001440;;0;;7.500000;TAppEncoderStatic;TComRdCost::getDistPart(int, short const*, int, short const*, int, unsigned int, unsigned int, ComponentID, DFunc);[Unknown];0xe75c0
 TEncBinCABAC::copyState;0.300752;0.020000;;;;;;;;-0.0;0.0;0.0;0.0;0.0;0.0;31.7;0.134953;22800684;0.272392;20400612;;0;;12.200000;TAppEncoderStatic;TEncBinCABAC::copyState(TEncBinIf const*);[Unknown];0x6ae50
 TComTU::TComTU;0.285714;0.019000;;;;;;;;0.0;0.0;0.0;0.0;0.0;0.0;0.0;0.369344;62401872;0.384554;28800864;;0;;10.500000;TAppEncoderStatic;TComTU::TComTU(TComTU&, bool, TComTU::TU_SPLIT_MODE, bool, ComponentID);[Unknown];0x10a440
 TComYuv::subtract;0.270677;0.018000;;;;;;;;-0.0;0.0;0.0;0.0;0.0;0.0;0.0;0.305419;51601548;0.400577;30000900;;0;;7.000000;TAppEncoderStatic;TComYuv::subtract(TComYuv const*, TComYuv const*, unsigned int, unsigned int);[Unknown];0xa01e0
 TComDataCU::getInterMergeCandidates;0.255639;0.017000;;;;;;;;-0.0;0.0;30.3;0.0;0.0;0.0;100.0;0.149158;25200756;0.064092;4800144;;0;;0.0;TAppEncoderStatic;TComDataCU::getInterMergeCandidates(unsigned int, unsigned int, TComMvField*, unsigned char*, int&, unsigned int&, int) const;[Unknown];0xb0680
 [vmlinux];0.255639;0.017000;;;;;;;;6.1;60.6;0.0;30.3;0.0;0.0;90.9;0.014206;2400072;0.048069;3600108;;0;;7.000000;vmlinux;[vmlinux];[Unknown];0x0
 TComRdCost::xCalcHADIntra8x8;0.240602;0.016000;;;;;;;;-0.0;0.0;0.0;0.0;0.0;0.0;0.0;0.092336;15600468;0.448646;33601008;;0;;20.285714;TAppEncoderStatic;TComRdCost::xCalcHADIntra8x8(short const*, short const*, int, int, int);[Unknown];0xeada0
 TComTrQuant::xQuant;0.240602;0.016000;;;;;;;;0.0;0.0;0.0;0.0;0.0;0.0;0.0;0.376447;63601908;0.656946;49201476;;0;;7.333333;TAppEncoderStatic;TComTrQuant::xQuant(TComTU&, int*, int*, int*, int&, ComponentID, QpParam const&);[Unknown];0x106310
 TEncSbac::xWriteCoefRemainExGolomb;0.225564;0.015000;;;;;;;;0.0;0.0;0.0;0.0;0.0;0.0;0.0;0.078131;13200396;0.064092;4800144;;0;;7.000000;TAppEncoderStatic;TEncSbac::xWriteCoefRemainExGolomb(unsigned int, unsigned int&, bool, int);[Unknown];0x80ee0
 partialButterflyInverse32;0.225564;0.015000;;;;;;;;-0.0;0.0;0.0;0.0;0.0;0.0;0.0;0.248597;42001260;0.128185;9600288;;0;;7.285714;TAppEncoderStatic;partialButterflyInverse32(int*, int*, int, int, int, int);[Unknown];0xfd8d0
 TComDataCU::xGetColMVP;0.210526;0.014000;;;;;;;;0.0;0.0;55.6;0.0;0.0;0.0;100.0;0.049719;8400252;0.048069;3600108;;0;;8.750000;TAppEncoderStatic;TComDataCU::xGetColMVP(RefPicList, int, int, TComMv&, int) const;[Unknown];0xaf9a0
 TComInterpolationFilter::filter<(int)8, (bool)1, (bool)1, (bool)0>;0.210526;0.014000;;;;;;;;-0.0;0.0;0.0;0.0;0.0;0.0;41.7;0.277008;46801404;0.080115;6000180;;0;;7.416667;TAppEncoderStatic;void TComInterpolationFilter::filter<(int)8, (bool)1, (bool)1, (bool)0>(int, short const*, int, short*, int, int, int, short const*);[Unknown];0x110570
 TComRdCost::calcRdCost;0.210526;0.014000;;;;;;;;-0.0;0.0;0.0;0.0;0.0;0.0;0.0;0.205981;34801044;0.0;0;;0;;7.000000;TAppEncoderStatic;TComRdCost::calcRdCost(double, double, DFunc);[Unknown];0xe6ed0
 TEncSearch::xGetTemplateCost;0.210526;0.014000;;;;;;;;0.0;0.0;0.0;0.0;0.0;0.0;0.0;0.177569;30000900;0.160231;12000360;;0;;6.666667;TAppEncoderStatic;TEncSearch::xGetTemplateCost(TComDataCU*, unsigned int, TComYuv*, TComYuv*, TComMv, int, int, RefPicList, int, int, int);[Unknown];0x8c1c0
 QpParam::QpParam;0.195489;0.013000;;;;;;;;-0.0;0.0;0.0;0.0;0.0;0.0;0.0;0.127850;21600648;0.096138;7200216;;0;;6.000000;TAppEncoderStatic;QpParam::QpParam(TComDataCU const&, ComponentID);[Unknown];0xf7640
 TComDataCU::xAddMVPCandUnscaled;0.195489;0.013000;;;;;;;;-0.0;0.0;0.0;0.0;0.0;60.6;0.0;0.113644;19200576;0.048069;3600108;;0;;7.500000;TAppEncoderStatic;TComDataCU::xAddMVPCandUnscaled(_AMVPInfo&, RefPicList, int, unsigned int, MVP_DIR) const;[Unknown];0xaf440
 TComInterpolationFilter::filter<(int)8, (bool)0, (bool)1, (bool)1>;0.195489;0.013000;;;;;;;;0.0;0.0;0.0;0.0;0.0;0.0;0.0;0.134953;22800684;0.016023;1200036;;0;;7.500000;TAppEncoderStatic;void TComInterpolationFilter::filter<(int)8, (bool)0, (bool)1, (bool)1>(int, short const*, int, short*, int, int, int, short const*);[Unknown];0x10bc90
 TComPrediction::initIntraPatternChType;0.195489;0.013000;;;;;;;;-0.0;0.0;0.0;0.0;0.0;0.0;0.0;0.049719;8400252;0.128185;9600288;;0;;0.0;TAppEncoderStatic;TComPrediction::initIntraPatternChType(TComTU&, ComponentID, bool);[Unknown];0xbf5d0
 TComTURecurse::nextSection;0.195489;0.013000;;;;;;;;0.0;78.4;0.0;0.0;0.0;0.0;0.0;0.291214;49201476;0.224323;16800504;;0;;7.250000;TAppEncoderStatic;TComTURecurse::nextSection(TComTU const&);[Unknown];0x10a840
 TComYuv::clear;0.195489;0.013000;;;;;;;;0.0;0.0;0.0;0.0;0.0;0.0;0.0;0.021308;3600108;0.144208;10800324;;0;;0.0;TAppEncoderStatic;TComYuv::clear(void);[Unknown];0x9e7e0
 TEncSbac::codeQtCbf;0.195489;0.013000;;;;;;;;-0.0;0.0;0.0;0.0;0.0;0.0;0.0;0.177569;30000900;0.080115;6000180;;0;;7.166667;TAppEncoderStatic;TEncSbac::codeQtCbf(TComTU&, ComponentID, bool);[Unknown];0x7f7d0
 TEncSearch::xEncodeInterResidualQT;0.195489;0.013000;;;;;;;;-0.0;0.0;0.0;0.0;0.0;0.0;0.0;0.269906;45601368;0.416600;31200936;;0;;7.250000;TAppEncoderStatic;TEncSearch::xEncodeInterResidualQT(ComponentID, TComTU&);[Unknown];0x90b40
 fillReferenceSamples;0.195489;0.013000;;;;;;;;-0.0;0.0;0.0;0.0;0.0;0.0;0.0;0.035514;6000180;0.064092;4800144;;0;;0.0;TAppEncoderStatic;fillReferenceSamples(int, short const*, short*, bool const*, int, int, int, int, int, unsigned int, unsigned int, int);[Unknown];0xbde60
 TComInterpolationFilter::filter<(int)4, (bool)1, (bool)0, (bool)1>;0.180451;0.012000;;;;;;;;-0.0;0.0;0.0;0.0;0.0;0.0;100.0;0.170467;28800864;0.224323;16800504;;0;;7.000000;TAppEncoderStatic;void TComInterpolationFilter::filter<(int)4, (bool)1, (bool)0, (bool)1>(int, short const*, int, short*, int, int, int, short const*);[Unknown];0x115300
 TComRdCost::xGetSSE64;0.180451;0.012000;;;;;;;;0.0;51.3;0.0;0.0;0.0;0.0;0.0;0.099439;16800504;0.032046;2400072;;0;;103.000000;TAppEncoderStatic;TComRdCost::xGetSSE64(DistParam*);[Unknown];0xde860
 TComTrQuant::xTransformSkip;0.180451;0.012000;;;;;;;;-0.0;0.0;0.0;0.0;0.0;0.0;0.0;0.262803;44401332;0.272392;20400612;;0;;7.000000;TAppEncoderStatic;TComTrQuant::xTransformSkip(short*, unsigned int, int*, TComTU&, ComponentID);[Unknown];0x102c60
 TEncBinCABAC::getTEncBinCABAC;0.180451;0.012000;;;;;;;;-0.0;0.0;0.0;0.0;0.0;0.0;0.0;0.035514;6000180;0.0;0;;0;;7.000000;TAppEncoderStatic;TEncBinCABAC::getTEncBinCABAC(void) const;[Unknown];0x6bc00
 TEncSearch::xTZSearch;0.180451;0.012000;;;;;;;;-0.0;0.0;0.0;0.0;0.0;0.0;0.0;0.127850;21600648;0.272392;20400612;;0;;7.666667;TAppEncoderStatic;TEncSearch::xTZSearch(TComDataCU const*, TComPattern const*, short const*, int, TComMv const*, TComMv const*, TComMv&, unsigned int&, TComMv const*, bool);[Unknown];0x8cdb0
 TComPrediction::xPredInterBi;0.165414;0.011000;;;;;;;;-0.0;0.0;0.0;0.0;0.0;0.0;0.0;0.156261;26400792;0.096138;7200216;;0;;7.500000;TAppEncoderStatic;TComPrediction::xPredInterBi(TComDataCU*, unsigned int, int, int, TComYuv*);[Unknown];0xc9dd0
 TComTrQuant::rdpcmNxN;0.165414;0.011000;;;;;;;;;0.0;0.0;0.0;0.0;0.0;0.0;0.234392;39601188;0.833200;62401872;;0;;10.333333;TAppEncoderStatic;TComTrQuant::rdpcmNxN(TComTU&, ComponentID, short*, unsigned int, QpParam const&, int*, int&, RDPCMMode&);[Unknown];0x1083c0
 TEncSampleAdaptiveOffset::getBlkStats;0.165414;0.011000;;;;;;;;-0.0;0.0;0.0;0.0;0.0;0.0;60.6;0.0;0;0.272392;20400612;;0;;54.400000;TAppEncoderStatic;TEncSampleAdaptiveOffset::getBlkStats(ComponentID, int, SAOStatData*, short*, short*, int, int, int, int, bool, bool, bool, bool, bool, bool, bool);[Unknown];0x70310
 TEncSbac::load;0.165414;0.011000;;;;;;;;-0.0;0.0;0.0;0.0;0.0;0.0;0.0;0.099439;16800504;0.384554;28800864;;0;;7.500000;TAppEncoderStatic;TEncSbac::load(TEncSbac const*);[Unknown];0x810b0
 TEncSearch::xExtDIFUpSamplingQ;0.165414;0.011000;;;;;;;;6.2;0.0;41.7;0.0;0.0;0.0;41.7;0.149158;25200756;0.160231;12000360;;0;;6.500000;TAppEncoderStatic;TEncSearch::xExtDIFUpSamplingQ(TComPattern*, TComMv);[Unknown];0x94640
 TEncSearch::xMotionEstimation.constprop.111;0.165414;0.011000;;;;;;;;-0.0;0.0;0.0;0.0;0.0;0.0;0.0;0.071028;12000360;0.192277;14400432;;0;;7.000000;TAppEncoderStatic;TEncSearch::xMotionEstimation(TComDataCU*, TComYuv*, int, RefPicList, TComMv*, int, TComMv&, unsigned int&, unsigned int&, bool).constprop.111;[Unknown];0x958f0
 TComCUMvField::setAllMvField;0.150376;0.010000;;;;;;;;;0.0;0.0;0.0;0.0;0.0;0.0;0.127850;21600648;0.112162;8400252;;0;;9.333333;TAppEncoderStatic;TComCUMvField::setAllMvField(TComMvField const&, PartSize, int, unsigned int, int);[Unknown];0xbbb80
 TComDataCU::clipMv;0.150376;0.010000;;;;;;;;;0.0;0.0;0.0;0.0;0.0;0.0;0.149158;25200756;0.320461;24000720;;0;;8.750000;TAppEncoderStatic;TComDataCU::clipMv(TComMv&) const;[Unknown];0xaf310
 TComInterpolationFilter::filterHor;0.150376;0.010000;;;;;;;;-0.0;0.0;0.0;0.0;0.0;0.0;95.2;0.149158;25200756;0.144208;10800324;;0;;15.000000;TAppEncoderStatic;TComInterpolationFilter::filterHor(ComponentID, short*, int, short*, int, int, int, int, bool, ChromaFormat, int);[Unknown];0x10b960
 TEncBinCABACCounter::getNumWrittenBits;0.150376;0.010000;;;;;;;;-0.0;0.0;0.0;0.0;0.0;0.0;0.0;0.056822;9600288;0.096138;7200216;;0;;7.000000;TAppEncoderStatic;TEncBinCABACCounter::getNumWrittenBits(void);[Unknown];0x6bd30
 TEncSbac::codeIntraDirLumaAng;0.150376;0.010000;;;;;;;;-0.0;0.0;0.0;0.0;0.0;0.0;0.0;0.021308;3600108;0.160231;12000360;;0;;0.0;TAppEncoderStatic;TEncSbac::codeIntraDirLumaAng(TComDataCU*, unsigned int, bool);[Unknown];0x7f4b0
 TEncSbac::store;0.150376;0.010000;;;;;;;;;0.0;47.6;0.0;0.0;47.6;47.6;0.049719;8400252;0.176254;13200396;;0;;0.0;TAppEncoderStatic;TEncSbac::store(TEncSbac*) const;[Unknown];0x81180
 TEncSearch::encodeResAndCalcRdInterCU;0.150376;0.010000;;;;;;;;-0.0;0.0;0.0;0.0;0.0;0.0;83.3;0.078131;13200396;0.176254;13200396;;0;;24.000000;TAppEncoderStatic;TEncSearch::encodeResAndCalcRdInterCU(TComDataCU*, TComYuv*, TComYuv*, TComYuv*, TComYuv*, TComYuv*, bool);[Unknown];0x93d40
 TEncSearch::xExtDIFUpSamplingH;0.150376;0.010000;;;;;;;;-0.0;0.0;0.0;0.0;0.0;0.0;0.0;0.113644;19200576;0.112162;8400252;;0;;0.0;TAppEncoderStatic;TEncSearch::xExtDIFUpSamplingH(TComPattern*);[Unknown];0x94430
 __memset_chk_avx2_unaligned_erms;0.150376;0.010000;;;;;;;;44.4;100.0;0.0;0.0;0.0;0.0;0.0;0.0;0;0.0;0;;0;;0.0;libc-2.27.so;__memset_chk_avx2_unaligned_erms;memset-vec-unaligned-erms.S;0x18ef40
 partialButterflyInverse16;0.150376;0.010000;;;;;;;;-0.0;0.0;0.0;0.0;0.0;0.0;0.0;0.099439;16800504;0.080115;6000180;;0;;9.400000;TAppEncoderStatic;partialButterflyInverse16(int*, int*, int, int, int, int);[Unknown];0xfbcd0
 partialButterflyInverse8;0.150376;0.010000;;;;;;;;0.0;0.0;0.0;0.0;0.0;0.0;0.0;0.021308;3600108;0.048069;3600108;;0;;7.000000;TAppEncoderStatic;partialButterflyInverse8(int*, int*, int, int, int, int);[Unknown];0xf9c90
 TComDataCU::getCoefScanIdx;0.135338;0.009000;;;;;;;;-0.0;0.0;0.0;0.0;0.0;0.0;0.0;0.056822;9600288;0.0;0;;0;;6.500000;TAppEncoderStatic;TComDataCU::getCoefScanIdx(unsigned int, unsigned int, unsigned int, ComponentID) const;[Unknown];0xb1ef0
 TComInterpolationFilter::filter<(int)4, (bool)1, (bool)0, (bool)0>;0.135338;0.009000;;;;;;;;-0.0;0.0;0.0;0.0;0.0;0.0;0.0;0.191775;32400972;0.192277;14400432;;0;;7.000000;TAppEncoderStatic;void TComInterpolationFilter::filter<(int)4, (bool)1, (bool)0, (bool)0>(int, short const*, int, short*, int, int, int, short const*);[Unknown];0x115e20
 TComInterpolationFilter::filter<(int)4, (bool)1, (bool)1, (bool)0>;0.135338;0.009000;;;;;;;;-0.0;0.0;0.0;0.0;0.0;0.0;0.0;0.063925;10800324;0.032046;2400072;;0;;7.000000;TAppEncoderStatic;void TComInterpolationFilter::filter<(int)4, (bool)1, (bool)1, (bool)0>(int, short const*, int, short*, int, int, int, short const*);[Unknown];0x114940
 TEncSearch::estIntraPredLumaQT;0.135338;0.009000;;;;;;;;-0.0;0.0;0.0;0.0;0.0;0.0;0.0;0.021308;3600108;0.112162;8400252;;0;;6.000000;TAppEncoderStatic;TEncSearch::estIntraPredLumaQT(TComDataCU*, TComYuv*, TComYuv*, TComYuv*, TComYuv*, short (*)[4096]);[Unknown];0x893d0
 TEncSearch::xTZ8PointDiamondSearch;0.135338;0.009000;;;;;;;;-0.0;0.0;0.0;0.0;0.0;0.0;0.0;0.113644;19200576;0.512738;38401152;;0;;7.000000;TAppEncoderStatic;TEncSearch::xTZ8PointDiamondSearch(TComPattern const*, TEncSearch::IntTZSearchStruct&, TComMv const*, TComMv const*, int, int, int, bool);[Unknown];0x99900
 TComDataCU::getPUAboveRight;0.120301;0.008000;;;;;;;;-0.0;0.0;0.0;0.0;0.0;0.0;0.0;0.056822;9600288;0.112162;8400252;;0;;0.0;TAppEncoderStatic;TComDataCU::getPUAboveRight(unsigned int&, unsigned int, unsigned int, bool) const;[Unknown];0xab560
 TComDataCU::getPUBelowLeft;0.120301;0.008000;;;;;;;;-0.0;0.0;0.0;0.0;0.0;0.0;0.0;0.113644;19200576;0.096138;7200216;;0;;0.0;TAppEncoderStatic;TComDataCU::getPUBelowLeft(unsigned int&, unsigned int, unsigned int, bool) const;[Unknown];0xab3c0
 TComRdCost::xCalcHADIntra4x4;0.120301;0.008000;;;;;;;;0.0;0.0;0.0;0.0;0.0;0.0;0.0;0.007103;1200036;0.128185;9600288;;0;;7.000000;TAppEncoderStatic;TComRdCost::xCalcHADIntra4x4(short const*, short const*, int, int, int);[Unknown];0xea9a0
 TComYuv::copyToPartYuv;0.120301;0.008000;;;;;;;;-0.0;0.0;0.0;0.0;0.0;0.0;0.0;0.035514;6000180;0.080115;6000180;;0;;9.500000;TAppEncoderStatic;TComYuv::copyToPartYuv(TComYuv*, unsigned int) const;[Unknown];0x9ee20
 TEncSbac::resetBits;0.120301;0.008000;;;;;;;;0.0;0.0;0.0;0.0;0.0;0.0;0.0;0.056822;9600288;0.096138;7200216;;0;;7.000000;TAppEncoderStatic;TEncSbac::resetBits(void);[Unknown];0x520d0
 xTrMxN;0.120301;0.008000;;;;;;;;-0.0;0.0;0.0;0.0;0.0;0.0;0.0;0.021308;3600108;0.112162;8400252;;0;;8.333333;TAppEncoderStatic;xTrMxN(int, int*, int*, int, int, bool, int);[Unknown];0x100530
 TComDataCU::getPartIndexAndSize;0.105263;0.007000;;;;;;;;0.0;0.0;0.0;0.0;0.0;0.0;0.0;0.063925;10800324;0.128185;9600288;;0;;7.000000;TAppEncoderStatic;TComDataCU::getPartIndexAndSize(unsigned int, unsigned int&, int&, int&) const;[Unknown];0xae550
 TComDataCU::getQuadtreeTULog2MinSizeInCU;0.105263;0.007000;;;;;;;;-0.0;0.0;0.0;0.0;0.0;0.0;0.0;0.170467;28800864;0.0;0;;0;;6.666667;TAppEncoderStatic;TComDataCU::getQuadtreeTULog2MinSizeInCU(unsigned int) const;[Unknown];0xac150
 TComRdCost::xGetSAD24;0.105263;0.007000;;;;;;;;-0.0;0.0;0.0;0.0;0.0;0.0;100.0;0.106542;18000540;0.0;0;;0;;7.000000;TAppEncoderStatic;TComRdCost::xGetSAD24(DistParam*);[Unknown];0xd1230
 TComTU::getGolombRiceStatisticsIndex;0.105263;0.007000;;;;;;;;-0.0;0.0;0.0;0.0;0.0;0.0;0.0;0.056822;9600288;0.0;0;;0;;7.000000;TAppEncoderStatic;TComTU::getGolombRiceStatisticsIndex(ComponentID);[Unknown];0x10ab50
 TEncBinCABAC::resetBits;0.105263;0.007000;;;;;;;;-0.0;0.0;0.0;0.0;0.0;0.0;0.0;0.085233;14400432;0.0;0;;0;;8.000000;TAppEncoderStatic;TEncBinCABAC::resetBits(void);[Unknown];0x6ae90
 TEncBinCABACCounter::encodeBinsEP;0.105263;0.007000;;;;;;;;-0.0;0.0;0.0;0.0;0.0;0.0;0.0;0.028411;4800144;0.128185;9600288;;0;;7.000000;TAppEncoderStatic;TEncBinCABACCounter::encodeBinsEP(unsigned int, int);[Unknown];0x6bc90
 TEncSearch::xSetSearchRange;0.105263;0.007000;;;;;;;;-0.0;0.0;0.0;0.0;0.0;0.0;0.0;0.078131;13200396;0.112162;8400252;;0;;0.0;TAppEncoderStatic;TEncSearch::xSetSearchRange(TComDataCU const*, TComMv const&, int, TComMv&, TComMv&, TComPattern const*);[Unknown];0x8c920
 func@0x9260;0.105263;0.007000;;;;;;;;0.0;0.0;0.0;0.0;0.0;0.0;0.0;0.319625;54001620;0.0;0;;0;;7.285714;TAppEncoderStatic;func@0x9260;[Unknown];0x9260
 TComRdCost::setDistParam;0.090226;0.006000;;;;;;;;-0.0;0.0;0.0;0.0;0.0;0.0;0.0;0.326728;55201656;0.672969;50401512;;0;;7.000000;TAppEncoderStatic;TComRdCost::setDistParam(TComPattern const*, short const*, int, DistParam&);[Unknown];0xe7390
 TComTrQuant::xDeQuant;0.090226;0.006000;;;;;;;;-0.0;0.0;0.0;0.0;0.0;0.0;0.0;0.007103;1200036;0.048069;3600108;;0;;14.000000;TAppEncoderStatic;TComTrQuant::xDeQuant(TComTU&, int const*, int*, ComponentID, QpParam const&);[Unknown];0x101560
 TComTrQuant::xIT;0.090226;0.006000;;;;;;;;-0.0;0.0;0.0;0.0;0.0;0.0;0.0;0.042617;7200216;0.128185;9600288;;0;;6.000000;TAppEncoderStatic;TComTrQuant::xIT(int, bool, int*, short*, unsigned int, int, int, int);[Unknown];0x102b40
 TComYuv::getAddr;0.090226;0.006000;;;;;;;;-0.0;0.0;0.0;0.0;0.0;0.0;0.0;0.021308;3600108;0.048069;3600108;;0;;7.000000;TAppEncoderStatic;TComYuv::getAddr(ComponentID, unsigned int);[Unknown];0x99140
 TEncEntropy::encodeCoeffNxN;0.090226;0.006000;;;;;;;;-0.0;0.0;0.0;0.0;0.0;0.0;0.0;0.120747;20400612;0.048069;3600108;;0;;7.000000;TAppEncoderStatic;TEncEntropy::encodeCoeffNxN(TComTU&, int*, ComponentID);[Unknown];0x7dde0
 TEncSearch::xGetInterPredictionError;0.090226;0.006000;;;;;;;;0.0;0.0;0.0;0.0;0.0;0.0;0.0;0.063925;10800324;0.112162;8400252;;0;;8.000000;TAppEncoderStatic;TEncSearch::xGetInterPredictionError(TComDataCU*, TComYuv*, int, unsigned int&, bool);[Unknown];0x8b650
 TEncSearch::xLoadIntraResultQT;0.090226;0.006000;;;;;;;;0.0;0.0;0.0;0.0;0.0;0.0;100.0;0.007103;1200036;0.016023;1200036;;0;;7.000000;TAppEncoderStatic;TEncSearch::xLoadIntraResultQT(ComponentID, TComTU&);[Unknown];0x84d90
 TEncSearch::xMergeEstimation;0.090226;0.006000;;;;;;;;;0.0;0.0;0.0;0.0;0.0;100.0;0.078131;13200396;0.144208;10800324;;0;;0.0;TAppEncoderStatic;TEncSearch::xMergeEstimation(TComDataCU*, TComYuv*, int, unsigned int&, TComMvField*, unsigned int&, unsigned int&, TComMvField*, unsigned char*, int&);[Unknown];0x8b840
 TComDataCU::getIntraDirPredictor;0.075188;0.005000;;;;;;;;-0.0;0.0;0.0;0.0;0.0;0.0;66.7;0.021308;3600108;0.032046;2400072;;0;;7.000000;TAppEncoderStatic;TComDataCU::getIntraDirPredictor(unsigned int, int*, ComponentID, int*) const;[Unknown];0xabba0
 TComPrediction::xCheckIdenticalMotion;0.075188;0.005000;;;;;;;;-0.0;0.0;0.0;0.0;0.0;0.0;0.0;0.042617;7200216;0.0;0;;0;;0.0;TAppEncoderStatic;TComPrediction::xCheckIdenticalMotion(TComDataCU*, unsigned int);[Unknown];0xc96f0
 TEncCu::xCheckRDCostInter;0.075188;0.005000;;;;;;;;-0.0;0.0;0.0;0.0;0.0;0.0;0.0;0.014206;2400072;0.0;0;;0;;0.0;TAppEncoderStatic;TEncCu::xCheckRDCostInter(TComDataCU*&, TComDataCU*&, PartSize, bool);[Unknown];0x79fd0
 TEncCu::xCompressCU;0.075188;0.005000;;;;;;;;0.0;0.0;0.0;83.3;0.0;83.3;0.0;0.021308;3600108;0.048069;3600108;;0;;7.000000;TAppEncoderStatic;TEncCu::xCompressCU(TComDataCU*&, TComDataCU*&, unsigned int, PartSize);[Unknown];0x7ac00
 TEncEntropy::countNonZeroCoeffs;0.075188;0.005000;;;;;;;;-0.0;0.0;0.0;0.0;0.0;0.0;0.0;0.035514;6000180;0.0;0;;0;;0.0;TAppEncoderStatic;TEncEntropy::countNonZeroCoeffs(int*, unsigned int);[Unknown];0x7df50
 TEncSearch::xPatternSearchFracDIF;0.075188;0.005000;;;;;;;;-0.0;0.0;0.0;0.0;0.0;0.0;100.0;0.035514;6000180;0.0;0;;0;;13.500000;TAppEncoderStatic;TEncSearch::xPatternSearchFracDIF(bool, TComPattern*, short*, int, TComMv*, TComMv&, TComMv&, unsigned int&);[Unknown];0x94e70
 TComDataCU::copyPartFrom;0.060150;0.004000;;;;;;;;0.0;0.0;0.0;0.0;0.0;0.0;0.0;0.007103;1200036;0.016023;1200036;;0;;0.0;TAppEncoderStatic;TComDataCU::copyPartFrom(TComDataCU*, unsigned int, unsigned int);[Unknown];0xaa800
 TComDataCU::getPUAbove;0.060150;0.004000;;;;;;;;-0.0;0.0;0.0;0.0;0.0;0.0;0.0;0.0;0;0.0;0;;0;;0.0;TAppEncoderStatic;TComDataCU::getPUAbove(unsigned int&, unsigned int, bool, bool, bool) const;[Unknown];0xab1a0
 TComDataCU::getPUAboveLeft;0.060150;0.004000;;;;;;;;-0.0;0.0;0.0;0.0;0.0;0.0;0.0;0.021308;3600108;0.0;0;;0;;0.0;TAppEncoderStatic;TComDataCU::getPUAboveLeft(unsigned int&, unsigned int, bool) const;[Unknown];0xab280
 TComDataCU::getPartPosition;0.060150;0.004000;;;;;;;;0.0;0.0;0.0;0.0;0.0;0.0;0.0;0.007103;1200036;0.064092;4800144;;0;;0.0;TAppEncoderStatic;TComDataCU::getPartPosition(unsigned int, int&, int&, int&, int&) const;[Unknown];0xaef70
 TComDataCU::setExplicitRdpcmModePartRange;0.060150;0.004000;;;;;;;;-0.0;0.0;0.0;0.0;0.0;0.0;0.0;0.021308;3600108;0.0;0;;0;;0.0;TAppEncoderStatic;TComDataCU::setExplicitRdpcmModePartRange(unsigned int, ComponentID, unsigned int, unsigned int);[Unknown];0xae470
 TComDataCU::setTransformSkipPartRange;0.060150;0.004000;;;;;;;;-0.0;0.0;0.0;0.0;0.0;0.0;0.0;0.063925;10800324;0.0;0;;0;;7.000000;TAppEncoderStatic;TComDataCU::setTransformSkipPartRange(unsigned int, ComponentID, unsigned int, unsigned int);[Unknown];0xae430
 TComRdCost::setDistParam;0.060150;0.004000;;;;;;;;-0.0;0.0;0.0;0.0;0.0;0.0;0.0;0.042617;7200216;0.112162;8400252;;0;;0.0;TAppEncoderStatic;TComRdCost::setDistParam(TComPattern const*, short const*, int, int, DistParam&, bool);[Unknown];0xe7430
 TComRdCost::xGetHADIntra;0.060150;0.004000;;;;;;;;-0.0;0.0;0.0;0.0;0.0;0.0;0.0;0.014206;2400072;0.144208;10800324;;0;;0.0;TAppEncoderStatic;TComRdCost::xGetHADIntra(DistParam*);[Unknown];0xeb6d0
 TComTrQuant::invTransformNxN;0.060150;0.004000;;;;;;;;-0.0;0.0;0.0;0.0;0.0;0.0;0.0;0.0;0;0.048069;3600108;;0;;0.0;TAppEncoderStatic;TComTrQuant::invTransformNxN(TComTU&, ComponentID, short*, unsigned int, int*, QpParam const&);[Unknown];0x103180
 TComYuv::copyToPicYuv;0.060150;0.004000;;;;;;;;-0.0;0.0;0.0;100.0;0.0;0.0;100.0;0.0;0;0.016023;1200036;;0;;0.0;TAppEncoderStatic;TComYuv::copyToPicYuv(TComPicYuv*, unsigned int, unsigned int, unsigned int, unsigned int) const;[Unknown];0x9e840
 TEncSbac::codeQtCbfZero;0.060150;0.004000;;;;;;;;0.0;0.0;0.0;0.0;0.0;0.0;0.0;0.007103;1200036;0.016023;1200036;;0;;6.000000;TAppEncoderStatic;TEncSbac::codeQtCbfZero(TComTU&, ChannelType);[Unknown];0x7f960
 fastForwardDst;0.060150;0.004000;;;;;;;;-0.0;0.0;0.0;0.0;0.0;0.0;0.0;0.007103;1200036;0.032046;2400072;;0;;7.000000;TAppEncoderStatic;fastForwardDst(int*, int*, int);[Unknown];0xf8660
 fastInverseDst;0.060150;0.004000;;;;;;;;-0.0;0.0;0.0;0.0;0.0;0.0;0.0;0.0;0;0.032046;2400072;;0;;7.000000;TAppEncoderStatic;fastInverseDst(int*, int*, int, int, int);[Unknown];0xf8d50
 TComDataCU::getCtxSkipFlag;0.045113;0.003000;;;;;;;;0.0;0.0;0.0;0.0;0.0;0.0;0.0;0.021308;3600108;0.0;0;;0;;6.000000;TAppEncoderStatic;TComDataCU::getCtxSkipFlag(unsigned int) const;[Unknown];0xac200
 TComDataCU::initSubCU;0.045113;0.003000;;;;;;;;-0.0;0.0;0.0;0.0;0.0;0.0;0.0;0.007103;1200036;0.048069;3600108;;0;;7.000000;TAppEncoderStatic;TComDataCU::initSubCU(TComDataCU*, unsigned int, unsigned int, int);[Unknown];0xa9ea0
 TComDataCU::setMergeFlagSubParts;0.045113;0.003000;;;;;;;;-0.0;0.0;0.0;0.0;0.0;0.0;0.0;0.021308;3600108;0.0;0;;0;;0.0;TAppEncoderStatic;TComDataCU::setMergeFlagSubParts(bool, unsigned int, unsigned int, unsigned int);[Unknown];0xad290
 TComPrediction::motionCompensation;0.045113;0.003000;;;;;;;;-0.0;0.0;0.0;0.0;0.0;0.0;100.0;0.049719;8400252;0.144208;10800324;;0;;6.666667;TAppEncoderStatic;TComPrediction::motionCompensation(TComDataCU*, TComYuv*, RefPicList, int);[Unknown];0xca0d0
 TComPrediction::predIntraAng;0.045113;0.003000;;;;;;;;0.0;0.0;0.0;0.0;0.0;0.0;0.0;0.021308;3600108;0.064092;4800144;;0;;7.500000;TAppEncoderStatic;TComPrediction::predIntraAng(ComponentID, unsigned int, short*, unsigned int, short*, unsigned int, TComTU&, bool, bool);[Unknown];0xcc210
 TComPrediction::xPredIntraPlanar;0.045113;0.003000;;;;;;;;-0.0;0.0;0.0;0.0;0.0;0.0;0.0;0.0;0;0.016023;1200036;;0;;0.0;TAppEncoderStatic;TComPrediction::xPredIntraPlanar(short const*, int, short*, int, unsigned int, unsigned int);[Unknown];0xcaa70
 TComTU::GetEquivalentLog2TrSize;0.045113;0.003000;;;;;;;;-0.0;0.0;0.0;0.0;0.0;0.0;0.0;0.106542;18000540;0.0;0;;0;;10.000000;TAppEncoderStatic;TComTU::GetEquivalentLog2TrSize(ComponentID) const;[Unknown];0x10aab0
 TComTU::isNonTransformedResidualRotated;0.045113;0.003000;;;;;;;;;0.0;0.0;0.0;0.0;0.0;0.0;0.021308;3600108;0.0;0;;0;;7.000000;TAppEncoderStatic;TComTU::isNonTransformedResidualRotated(ComponentID);[Unknown];0x10ab00
 TComTURecurse::TComTURecurse;0.045113;0.003000;;;;;;;;;0.0;0.0;0.0;0.0;0.0;0.0;0.007103;1200036;0.048069;3600108;;0;;0.0;TAppEncoderStatic;TComTURecurse::TComTURecurse(TComDataCU*, unsigned int);[Unknown];0x10a1f0
 TComYuv::copyPartToPartComponent;0.045113;0.003000;;;;;;;;0.0;0.0;0.0;0.0;0.0;0.0;0.0;0.0;0;0.048069;3600108;;0;;0.0;TAppEncoderStatic;TComYuv::copyPartToPartComponent(ComponentID, TComYuv*, unsigned int, unsigned int, unsigned int) const;[Unknown];0x9fa90
 TComYuv::copyPartToPartComponentMxN;0.045113;0.003000;;;;;;;;0.0;0.0;0.0;0.0;0.0;0.0;0.0;0.014206;2400072;0.016023;1200036;;0;;0.0;TAppEncoderStatic;TComYuv::copyPartToPartComponentMxN(ComponentID, TComYuv*, TComRectangle const&) const;[Unknown];0x9fcf0
 TEncCu::xCheckRDCostMerge2Nx2N;0.045113;0.003000;;;;;;;;-0.0;0.0;0.0;0.0;0.0;0.0;0.0;0.042617;7200216;0.032046;2400072;;0;;0.0;TAppEncoderStatic;TEncCu::xCheckRDCostMerge2Nx2N(TComDataCU*&, TComDataCU*&, bool*);[Unknown];0x799e0
 TEncSbac::codeLastSignificantXY;0.045113;0.003000;;;;;;;;;0.0;0.0;0.0;0.0;0.0;0.0;0.056822;9600288;0.096138;7200216;;0;;0.0;TAppEncoderStatic;TEncSbac::codeLastSignificantXY(unsigned int, unsigned int, int, int, ComponentID, unsigned int);[Unknown];0x81220
 TEncSearch::xEncSubdivCbfQT;0.045113;0.003000;;;;;;;;0.0;0.0;0.0;0.0;0.0;0.0;0.0;0.028411;4800144;0.0;0;;0;;0.0;TAppEncoderStatic;TEncSearch::xEncSubdivCbfQT(TComTU&, bool, bool);[Unknown];0x841c0
 TEncSearch::xGetIntraBitsQT;0.045113;0.003000;;;;;;;;0.0;0.0;0.0;0.0;0.0;0.0;0.0;0.021308;3600108;0.016023;1200036;;0;;0.0;TAppEncoderStatic;TEncSearch::xGetIntraBitsQT(TComTU&, bool, bool, bool);[Unknown];0x848e0
 func@0x9360;0.045113;0.003000;;;;;;;;-0.0;0.0;0.0;0.0;0.0;0.0;0.0;0.191775;32400972;0.0;0;;0;;29.000000;TAppEncoderStatic;func@0x9360;[Unknown];0x9360
 TComBitCounter::resetBits;0.030075;0.002000;;;;;;;;0.0;0.0;0.0;0.0;0.0;0.0;0.0;0.007103;1200036;0.0;0;;0;;0.0;TAppEncoderStatic;TComBitCounter::resetBits(void);[Unknown];0x4be00
 TComCUMvField::clearMvField;0.030075;0.002000;;;;;;;;-0.0;0.0;0.0;0.0;0.0;0.0;0.0;0.028411;4800144;0.080115;6000180;;0;;0.0;TAppEncoderStatic;TComCUMvField::clearMvField(void);[Unknown];0xb9250
 TComCUMvField::copyFrom;0.030075;0.002000;;;;;;;;;0.0;0.0;0.0;0.0;0.0;0.0;0.0;0;0.0;0;;0;;0.0;TAppEncoderStatic;TComCUMvField::copyFrom(TComCUMvField const*, int, int);[Unknown];0xb9370
 TComCUMvField::setAllMv;0.030075;0.002000;;;;;;;;;0.0;0.0;0.0;0.0;0.0;0.0;0.007103;1200036;0.016023;1200036;;0;;0.0;TAppEncoderStatic;TComCUMvField::setAllMv(TComMv const&, PartSize, int, unsigned int, int);[Unknown];0xb9500
 TComDataCU::deriveLeftBottomIdx;0.030075;0.002000;;;;;;;;-0.0;0.0;0.0;0.0;0.0;0.0;0.0;0.0;0;0.0;0;;0;;7.000000;TAppEncoderStatic;TComDataCU::deriveLeftBottomIdx(unsigned int, unsigned int&) const;[Unknown];0xaebb0
 TComDataCU::deriveRightBottomIdx;0.030075;0.002000;;;;;;;;-0.0;0.0;0.0;0.0;0.0;0.0;100.0;0.071028;12000360;0.032046;2400072;;0;;7.000000;TAppEncoderStatic;TComDataCU::deriveRightBottomIdx(unsigned int, unsigned int&) const;[Unknown];0xaecf0
 TComDataCU::getNumPartitions;0.030075;0.002000;;;;;;;;-0.0;0.0;0.0;0.0;0.0;0.0;0.0;0.021308;3600108;0.0;0;;0;;0.0;TAppEncoderStatic;TComDataCU::getNumPartitions(unsigned int) const;[Unknown];0xae4e0
 TComDataCU::getPULeft;0.030075;0.002000;;;;;;;;0.0;0.0;0.0;0.0;0.0;0.0;0.0;0.078131;13200396;0.0;0;;0;;0.0;TAppEncoderStatic;TComDataCU::getPULeft(unsigned int&, unsigned int, bool, bool) const;[Unknown];0xab0c0
 TComDataCU::setCbfPartRange;0.030075;0.002000;;;;;;;;0.0;0.0;0.0;0.0;0.0;0.0;0.0;0.063925;10800324;0.0;0;;0;;7.000000;TAppEncoderStatic;TComDataCU::setCbfPartRange(unsigned int, ComponentID, unsigned int, unsigned int);[Unknown];0xac7e0
 TComDataCU::setCrossComponentPredictionAlphaPartRange;0.030075;0.002000;;;;;;;;-0.0;0.0;0.0;0.0;0.0;0.0;0.0;0.156261;26400792;0.0;0;;0;;0.0;TAppEncoderStatic;TComDataCU::setCrossComponentPredictionAlphaPartRange(signed char, ComponentID, unsigned int, unsigned int);[Unknown];0xae450
 TComDataCU::setInterDirSubParts;0.030075;0.002000;;;;;;;;0.0;0.0;0.0;0.0;0.0;0.0;0.0;0.028411;4800144;0.0;0;;0;;14.000000;TAppEncoderStatic;TComDataCU::setInterDirSubParts(unsigned int, unsigned int, unsigned int, unsigned int);[Unknown];0xad950
 TComDataCU::setMVPIdxSubParts;0.030075;0.002000;;;;;;;;0.0;100.0;0.0;0.0;0.0;0.0;0.0;0.049719;8400252;0.032046;2400072;;0;;0.0;TAppEncoderStatic;TComDataCU::setMVPIdxSubParts(int, RefPicList, unsigned int, unsigned int, unsigned int);[Unknown];0xadcb0
 TComDataCU::setTrIdxSubParts;0.030075;0.002000;;;;;;;;;0.0;0.0;0.0;0.0;0.0;0.0;0.014206;2400072;0.0;0;;0;;0.0;TAppEncoderStatic;TComDataCU::setTrIdxSubParts(unsigned int, unsigned int, unsigned int);[Unknown];0xae390
 TComDataCU::xAddMVPCandWithScaling;0.030075;0.002000;;;;;;;;-0.0;0.0;0.0;0.0;0.0;0.0;100.0;0.042617;7200216;0.016023;1200036;;0;;0.0;TAppEncoderStatic;TComDataCU::xAddMVPCandWithScaling(_AMVPInfo&, RefPicList, int, unsigned int, MVP_DIR) const;[Unknown];0xaf680
 TComDataCU::xDeriveCenterIdx;0.030075;0.002000;;;;;;;;;0.0;0.0;0.0;0.0;0.0;0.0;0.007103;1200036;0.0;0;;0;;0.0;TAppEncoderStatic;TComDataCU::xDeriveCenterIdx(unsigned int, unsigned int&) const;[Unknown];0xb0450
 TComInterpolationFilter::filter<(int)4, (bool)1, (bool)1, (bool)1>;0.030075;0.002000;;;;;;;;;0.0;0.0;0.0;0.0;0.0;0.0;0.049719;8400252;0.048069;3600108;;0;;28.000000;TAppEncoderStatic;void TComInterpolationFilter::filter<(int)4, (bool)1, (bool)1, (bool)1>(int, short const*, int, short*, int, int, int, short const*);[Unknown];0x113ee0
 TComRdCost::xGetSAD12;0.030075;0.002000;;;;;;;;-0.0;0.0;0.0;0.0;0.0;0.0;0.0;0.063925;10800324;0.0;0;;0;;0.0;TAppEncoderStatic;TComRdCost::xGetSAD12(DistParam*);[Unknown];0xd0c10
 TComTrQuant::getSigCoeffGroupCtxInc;0.030075;0.002000;;;;;;;;0.0;0.0;0.0;0.0;0.0;0.0;0.0;0.014206;2400072;0.0;0;;0;;0.0;TAppEncoderStatic;TComTrQuant::getSigCoeffGroupCtxInc(unsigned int const*, unsigned int, unsigned int, unsigned int, unsigned int);[Unknown];0x1069a0
 TEncEntropy::encodeQtCbf;0.030075;0.002000;;;;;;;;-0.0;0.0;0.0;0.0;0.0;0.0;0.0;0.035514;6000180;0.0;0;;0;;6.500000;TAppEncoderStatic;TEncEntropy::encodeQtCbf(TComTU&, ComponentID, bool);[Unknown];0x7dc60
 TEncEntropy::estimateBit;0.030075;0.002000;;;;;;;;;0.0;0.0;0.0;0.0;0.0;0.0;0.0;0;0.0;0;;0;;7.000000;TAppEncoderStatic;TEncEntropy::estimateBit(estBitsSbacStruct*, int, int, ChannelType, COEFF_SCAN_TYPE);[Unknown];0x7df30
 TEncSearch::xCheckBestMVP;0.030075;0.002000;;;;;;;;-0.0;0.0;0.0;0.0;0.0;0.0;0.0;0.035514;6000180;0.128185;9600288;;0;;9.500000;TAppEncoderStatic;TEncSearch::xCheckBestMVP(TComDataCU*, RefPicList, TComMv, TComMv&, int&, unsigned int&, unsigned int&);[Unknown];0x8be90
 TEncSearch::xRecurIntraCodingLumaQT;0.030075;0.002000;;;;;;;;-0.0;0.0;0.0;0.0;0.0;0.0;0.0;0.014206;2400072;0.048069;3600108;;0;;0.0;TAppEncoderStatic;TEncSearch::xRecurIntraCodingLumaQT(TComYuv*, TComYuv*, TComYuv*, short (*)[4096], unsigned int&, bool, double&, TComTU&);[Unknown];0x874d0
 TEncSearch::xSetIntraResultChromaQT;0.030075;0.002000;;;;;;;;;0.0;0.0;0.0;0.0;0.0;0.0;0.0;0;0.0;0;;0;;0.0;TAppEncoderStatic;TEncSearch::xSetIntraResultChromaQT(TComYuv*, TComTU&);[Unknown];0x891f0
 __GI_;0.030075;0.001000;;;;;;;;0.0;0.0;0.0;0.0;0.0;0.0;0.0;0.0;0;0.016023;0;;0;;0.0;libc-2.27.so;float __GI_(long, int, bool, char);malloc.c;0x97950
  _int_free;0.015038;0.001000;;;;;;;;0.0;0.0;0.0;0.0;0.0;0.0;100.0;0.0;0;0.016023;1200036;;0;;0.0;libc-2.27.so;_int_free;malloc.c;0x979c3
 __memcpy_chk_avx_unaligned_erms;0.030075;0.002000;;;;;;;;0.0;0.0;0.0;0.0;0.0;0.0;0.0;0.0;0;0.0;0;;0;;0.0;libc-2.27.so;__memcpy_chk_avx_unaligned_erms;memmove-vec-unaligned-erms.S;0x18eac0
 TComBitCounter::getNumberOfWrittenBits;0.015038;0.001000;;;;;;;;0.0;0.0;0.0;0.0;0.0;0.0;0.0;0.056822;9600288;0.0;0;;0;;0.0;TAppEncoderStatic;TComBitCounter::getNumberOfWrittenBits(void) const;[Unknown];0x4be10
 TComCUMvField::compress;0.015038;0.001000;;;;;;;;;0.0;0.0;0.0;0.0;0.0;0.0;0.0;0;0.016023;1200036;;0;;0.0;TAppEncoderStatic;TComCUMvField::compress(signed char*, signed char const*, int, TComCUMvField const&);[Unknown];0xbdd10
 TComCUMvField::setAllRefIdx;0.015038;0.001000;;;;;;;;0.0;0.0;0.0;0.0;0.0;0.0;0.0;0.021308;3600108;0.0;0;;0;;0.0;TAppEncoderStatic;TComCUMvField::setAllRefIdx(int, PartSize, int, unsigned int, int);[Unknown];0xb9d80
 TComDataCU::getCtxQtCbf;0.015038;0.001000;;;;;;;;-0.0;0.0;0.0;0.0;0.0;0.0;0.0;0.120747;20400612;0.0;0;;0;;6.000000;TAppEncoderStatic;TComDataCU::getCtxQtCbf(TComTU&, ChannelType) const;[Unknown];0xac130
 TComDataCU::getCtxSplitFlag;0.015038;0.001000;;;;;;;;0.0;0.0;0.0;0.0;100.0;0.0;0.0;0.0;0;0.0;0;;0;;0.0;TAppEncoderStatic;TComDataCU::getCtxSplitFlag(unsigned int, unsigned int) const;[Unknown];0xabf80
 TComDataCU::getQtRootCbf;0.015038;0.001000;;;;;;;;0.0;0.0;0.0;0.0;0.0;0.0;0.0;0.028411;4800144;0.0;0;;0;;0.0;TAppEncoderStatic;TComDataCU::getQtRootCbf(unsigned int) const;[Unknown];0xac3a0
 TComDataCU::isBipredRestriction;0.015038;0.001000;;;;;;;;-0.0;0.0;0.0;0.0;0.0;0.0;0.0;0.0;0;0.0;0;;0;;0.0;TAppEncoderStatic;TComDataCU::isBipredRestriction(unsigned int) const;[Unknown];0xaf190
 TComDataCU::isLosslessCoded;0.015038;0.001000;;;;;;;;0.0;0.0;0.0;0.0;0.0;0.0;0.0;0.0;0;0.0;0;;0;;0.0;TAppEncoderStatic;TComDataCU::isLosslessCoded(unsigned int) const;[Unknown];0xabb20
 TComDataCU::setCUTransquantBypassSubParts;0.015038;0.001000;;;;;;;;;0.0;0.0;0.0;0.0;0.0;0.0;0.0;0;0.0;0;;0;;0.0;TAppEncoderStatic;TComDataCU::setCUTransquantBypassSubParts(bool, unsigned int, unsigned int);[Unknown];0xac8a0
 TComDataCU::setChromaQpAdjSubParts;0.015038;0.001000;;;;;;;;-0.0;0.0;0.0;0.0;0.0;0.0;0.0;0.0;0;0.0;0;;0;;0.0;TAppEncoderStatic;TComDataCU::setChromaQpAdjSubParts(unsigned char, int, int);[Unknown];0xac900
 TComLoopFilter::xSetEdgefilterTU;0.015038;0.001000;;;;;;;;;0.0;0.0;0.0;0.0;0.0;0.0;0.0;0;0.0;0;;0;;0.0;TAppEncoderStatic;TComLoopFilter::xSetEdgefilterTU(TComTU&);[Unknown];0xb2590
 TComPrediction::UseDPCMForFirstPassIntraEstimation;0.015038;0.001000;;;;;;;;-0.0;0.0;0.0;0.0;0.0;0.0;0.0;0.0;0;0.0;0;;0;;0.0;TAppEncoderStatic;TComPrediction::UseDPCMForFirstPassIntraEstimation(TComTU&, unsigned int);[Unknown];0xcd330
 TComRdCost::setDistParam;0.015038;0.001000;;;;;;;;-0.0;0.0;0.0;0.0;0.0;0.0;0.0;0.028411;4800144;0.048069;3600108;;0;;7.000000;TAppEncoderStatic;TComRdCost::setDistParam(DistParam&, int, short const*, int, short const*, int, int, int, bool);[Unknown];0xe7560
 TComRdCost::xGetSAD;0.015038;0.001000;;;;;;;;;0.0;0.0;0.0;0.0;0.0;0.0;0.0;0;0.0;0;;0;;0.0;TAppEncoderStatic;TComRdCost::xGetSAD(DistParam*);[Unknown];0xd0280
 TComTU::useDST;0.015038;0.001000;;;;;;;;0.0;0.0;0.0;0.0;0.0;0.0;0.0;0.071028;12000360;0.0;0;;0;;0.0;TAppEncoderStatic;TComTU::useDST(ComponentID);[Unknown];0x10aad0
 TComTrQuant::calcPatternSigCtx;0.015038;0.001000;;;;;;;;;0.0;0.0;0.0;0.0;0.0;0.0;0.0;0;0.0;0;;0;;0.0;TAppEncoderStatic;TComTrQuant::calcPatternSigCtx(unsigned int const*, unsigned int, unsigned int, unsigned int, unsigned int);[Unknown];0x1034d0
 TComYuv::copyFromPicYuv;0.015038;0.001000;;;;;;;;0.0;0.0;0.0;0.0;0.0;0.0;0.0;0.0;0;0.0;0;;0;;0.0;TAppEncoderStatic;TComYuv::copyFromPicYuv(TComPicYuv const*, unsigned int, unsigned int);[Unknown];0x9ebd0
 TEncBinCABACCounter::encodeBinEP;0.015038;0.001000;;;;;;;;0.0;0.0;0.0;0.0;0.0;0.0;0.0;0.007103;1200036;0.0;0;;0;;0.0;TAppEncoderStatic;TEncBinCABACCounter::encodeBinEP(unsigned int);[Unknown];0x6bc80
 TEncCu::xCheckRDCostIntra.part.107;0.015038;0.001000;;;;;;;;0.0;0.0;0.0;0.0;0.0;0.0;0.0;0.0;0;0.0;0;;0;;0.0;TAppEncoderStatic;TEncCu::xCheckRDCostIntra(TComDataCU*&, TComDataCU*&, PartSize).part.107;[Unknown];0x7a250
 TEncEntropy::encodeCoeff;0.015038;0.001000;;;;;;;;0.0;0.0;0.0;0.0;0.0;0.0;0.0;0.0;0;0.0;0;;0;;0.0;TAppEncoderStatic;TEncEntropy::encodeCoeff(TComDataCU*, unsigned int, unsigned int, bool&, bool&);[Unknown];0x7dd00
 TEncEntropy::encodeQtCbfZero;0.015038;0.001000;;;;;;;;0.0;0.0;0.0;0.0;0.0;0.0;0.0;0.056822;9600288;0.0;0;;0;;6.250000;TAppEncoderStatic;TEncEntropy::encodeQtCbfZero(TComTU&, ChannelType);[Unknown];0x7dc90
 TEncEntropy::encodeTransformSubdivFlag;0.015038;0.001000;;;;;;;;-0.0;0.0;0.0;0.0;0.0;0.0;0.0;0.014206;2400072;0.0;0;;0;;0.0;TAppEncoderStatic;TEncEntropy::encodeTransformSubdivFlag(unsigned int, unsigned int);[Unknown];0x7dc70
 TEncEntropy::xEncodeTransform;0.015038;0.001000;;;;;;;;-0.0;0.0;0.0;0.0;0.0;0.0;0.0;0.014206;2400072;0.032046;2400072;;0;;0.0;TAppEncoderStatic;TEncEntropy::xEncodeTransform(bool&, bool&, TComTU&);[Unknown];0x7cfa0
 TEncGOP::xCalculateAddPSNR;0.015038;0.001000;;;;;;;;;0.0;0.0;0.0;0.0;0.0;0.0;0.0;0;0.0;0;;0;;0.0;TAppEncoderStatic;TEncGOP::xCalculateAddPSNR(TComPic*, TComPicYuv*, AccessUnit const&, double, InputColourSpaceConversion, bool, bool, double*);[Unknown];0x46020
 TEncSampleAdaptiveOffset::deriveModeNewRDO;0.015038;0.001000;;;;;;;;;0.0;0.0;0.0;0.0;0.0;0.0;0.0;0;0.0;0;;0;;0.0;TAppEncoderStatic;TEncSampleAdaptiveOffset::deriveModeNewRDO(BitDepths const&, int, SAOBlkParam**, bool*, SAOStatData***, SAOBlkParam&, double&, TEncSbac**, int);[Unknown];0x6dbb0
 TEncSbac::codeCrossComponentPrediction;0.015038;0.001000;;;;;;;;;0.0;0.0;0.0;0.0;0.0;0.0;0.0;0;0.0;0;;0;;0.0;TAppEncoderStatic;TEncSbac::codeCrossComponentPrediction(TComTU&, ComponentID);[Unknown];0x805f0
 TEncSbac::codeMergeIndex;0.015038;0.001000;;;;;;;;0.0;0.0;0.0;0.0;0.0;0.0;0.0;0.007103;1200036;0.016023;1200036;;0;;0.0;TAppEncoderStatic;TEncSbac::codeMergeIndex(TComDataCU*, unsigned int);[Unknown];0x7e1c0
 TEncSbac::codePartSize;0.015038;0.001000;;;;;;;;0.0;0.0;0.0;0.0;0.0;0.0;0.0;0.014206;2400072;0.0;0;;0;;0.0;TAppEncoderStatic;TEncSbac::codePartSize(TComDataCU*, unsigned int, unsigned int);[Unknown];0x7e700
 TEncSbac::codeSkipFlag;0.015038;0.001000;;;;;;;;0.0;0.0;0.0;0.0;0.0;0.0;0.0;0.0;0;0.0;0;;0;;0.0;TAppEncoderStatic;TEncSbac::codeSkipFlag(TComDataCU*, unsigned int);[Unknown];0x7f450
 TEncSbac::codeTransformSubdivFlag;0.015038;0.001000;;;;;;;;0.0;0.0;0.0;0.0;0.0;0.0;0.0;0.014206;2400072;0.0;0;;0;;0.0;TAppEncoderStatic;TEncSbac::codeTransformSubdivFlag(unsigned int, unsigned int);[Unknown];0x7e240
 TEncSbac::loadIntraDirMode;0.015038;0.001000;;;;;;;;0.0;0.0;0.0;0.0;0.0;0.0;0.0;0.014206;2400072;0.0;0;;0;;0.0;TAppEncoderStatic;TEncSbac::loadIntraDirMode(TEncSbac const*, ChannelType);[Unknown];0x81100
 TEncSearch::xEncCoeffQT;0.015038;0.001000;;;;;;;;0.0;0.0;0.0;0.0;0.0;0.0;0.0;0.021308;3600108;0.016023;1200036;;0;;7.000000;TAppEncoderStatic;TEncSearch::xEncCoeffQT(TComTU&, ComponentID, bool);[Unknown];0x84560
 TEncSearch::xPatternSearchFast;0.015038;0.001000;;;;;;;;-0.0;0.0;0.0;0.0;0.0;0.0;0.0;0.0;0;0.0;0;;0;;0.0;TAppEncoderStatic;TEncSearch::xPatternSearchFast(TComDataCU const*, TComPattern const*, short const*, int, TComMv const*, TComMv const*, TComMv&, unsigned int&, TComMv const*);[Unknown];0x90aa0
 TEncSearch::xRecurIntraChromaCodingQT;0.015038;0.001000;;;;;;;;-0.0;0.0;0.0;0.0;0.0;0.0;0.0;0.014206;2400072;0.064092;4800144;;0;;7.000000;TAppEncoderStatic;TEncSearch::xRecurIntraChromaCodingQT(TComYuv*, TComYuv*, TComYuv*, short (*)[4096], unsigned int&, TComTU&);[Unknown];0x88420
 TEncSearch::xTZ2PointSearch;0.015038;0.001000;;;;;;;;0.0;0.0;0.0;0.0;0.0;0.0;0.0;0.0;0;0.0;0;;0;;0.0;TAppEncoderStatic;TEncSearch::xTZ2PointSearch(TComPattern const*, TEncSearch::IntTZSearchStruct&, TComMv const*, TComMv const*);[Unknown];0x99580
 TVideoIOYuv::read;0.015038;0.001000;;;;;;;;-0.0;0.0;0.0;0.0;0.0;0.0;0.0;0.0;0;0.0;0;;0;;0.0;TAppEncoderStatic;TVideoIOYuv::read(TComPicYuv*, TComPicYuv*, InputColourSpaceConversion, int*, ChromaFormat, bool);[Unknown];0x120cb0
 TVideoIOYuv::write;0.015038;0.001000;;;;;;;;-0.0;0.0;0.0;0.0;0.0;0.0;0.0;0.0;0;0.0;0;;0;;0.0;TAppEncoderStatic;TVideoIOYuv::write(TComPicYuv*, InputColourSpaceConversion, int, int, int, int, ChromaFormat, bool);[Unknown];0x1224d0
 _dl_fixup;0.015038;0.001000;;;;;;;;0.0;0.0;0.0;0.0;0.0;0.0;0.0;0.0;0;0.0;0;;0;;0.0;ld-2.27.so;_dl_fixup;dl-runtime.c;0xfdf0
 func@0x9610;0.015038;0.001000;;;;;;;;0.0;0.0;0.0;0.0;0.0;0.0;0.0;0.092336;15600468;0.0;0;;0;;7.000000;TAppEncoderStatic;func@0x9610;[Unknown];0x9610
 operator new;0.015038;0.001000;;;;;;;;0.0;0.0;0.0;0.0;0.0;0.0;0.0;0.0;0;0.0;0;;0;;0.0;libstdc++.so.6.0.25;operator new(unsigned long);[Unknown];0x93530
 partialButterflyInverse4;0.015038;0.001000;;;;;;;;-0.0;0.0;0.0;0.0;0.0;0.0;0.0;0.014206;2400072;0.080115;6000180;;0;;19.000000;TAppEncoderStatic;partialButterflyInverse4(int*, int*, int, int, int, int);[Unknown];0xf9040
 std::_Rb_tree<std::__cxx11::basic_string<char, std::char_traits<char>, std::allocator<char>>, std::pair<std::__cxx11::basic_string<char, std::char_traits<char>, std::allocator<char>> const, std::__cxx11::list<df::program_options_lite::Options::Names*, std::allocator<df::program_options_lite::Options::Names*>>>, std::_Select1st<std::pair<std::__cxx11::basic_string<char, std::char_traits<char>, std::allocator<char>> const, std::__cxx11::list<df::program_options_lite::Options::Names*, std::allocator<df::program_options_lite::Options::Names*>>>>, std::less<std::__cxx11::basic_string<char, std::char_traits<char>, std::allocator<char>>>, std::allocator<std::pair<std::__cxx11::basic_string<char, std::char_traits<char>, std::allocator<char>> const, std::__cxx11::list<df::program_options_lite::Options::Names*, std::allocator<df::program_options_lite::Options::Names*>>>>>::_M_erase;0.015038;0.001000;;;;;;;;0.0;0.0;0.0;0.0;0.0;0.0;0.0;0.0;0;0.0;0;;0;;0.0;TAppEncoderStatic;std::_Rb_tree<std::__cxx11::basic_string<char, std::char_traits<char>, std::allocator<char>>, std::pair<std::__cxx11::basic_string<char, std::char_traits<char>, std::allocator<char>> const, std::__cxx11::list<df::program_options_lite::Options::Names*, std::allocator<df::program_options_lite::Options::Names*>>>, std::_Select1st<std::pair<std::__cxx11::basic_string<char, std::char_traits<char>, std::allocator<char>> const, std::__cxx11::list<df::program_options_lite::Options::Names*, std::allocator<df::program_options_lite::Options::Names*>>>>, std::less<std::__cxx11::basic_string<char, std::char_traits<char>, std::allocator<char>>>, std::allocator<std::pair<std::__cxx11::basic_string<char, std::char_traits<char>, std::allocator<char>> const, std::__cxx11::list<df::program_options_lite::Options::Names*, std::allocator<df::program_options_lite::Options::Names*>>>>>::_M_erase(std::_Rb_tree_node<std::pair<std::__cxx11::basic_string<char, std::char_traits<char>, std::allocator<char>> const, std::__cxx11::list<df::program_options_lite::Options::Names*, std::allocator<df::program_options_lite::Options::Names*>>>>*);[Unknown];0x12ba00
 xITrMxN;0.015038;0.001000;;;;;;;;0.0;0.0;0.0;0.0;0.0;0.0;0.0;0.0;0;0.032046;2400072;;0;;0.0;TAppEncoderStatic;xITrMxN(int, int*, int*, int, int, bool, int);[Unknown];0x1007a0
 TComCUMvField::setAllMvd;0.0;0.0;;;;;;;;;0.0;0.0;0.0;0.0;0.0;0.0;0.042617;7200216;0.048069;3600108;;0;;11.000000;TAppEncoderStatic;TComCUMvField::setAllMvd(TComMv const&, PartSize, int, unsigned int, int);[Unknown];0xb9940
 TComDataCU::copyToPic;0.0;0.0;;;;;;;;-0.0;0.0;0.0;0.0;0.0;0.0;0.0;0.007103;1200036;0.0;0;;0;;0.0;TAppEncoderStatic;TComDataCU::copyToPic(unsigned char);[Unknown];0xaaca0
 TComDataCU::getMvField;0.0;0.0;;;;;;;;0.0;0.0;0.0;0.0;0.0;0.0;0.0;0.007103;1200036;0.0;0;;0;;0.0;TAppEncoderStatic;TComDataCU::getMvField(TComDataCU const*, unsigned int, RefPicList, TComMvField&);[Unknown];0xae770
 TComDataCU::hasEqualMotion;0.0;0.0;;;;;;;;0.0;0.0;0.0;0.0;0.0;0.0;0.0;0.0;0;0.016023;1200036;;0;;0.0;TAppEncoderStatic;TComDataCU::hasEqualMotion(unsigned int, TComDataCU const*, unsigned int) const;[Unknown];0xaee40
 TComDataCU::initCtu;0.0;0.0;;;;;;;;;0.0;0.0;;;0.0;0.0;0.0;0;0.016023;1200036;;0;;0.0;TAppEncoderStatic;TComDataCU::initCtu(TComPic*, unsigned int);[Unknown];0xa97e0
 TComDataCU::setMVPNumSubParts;0.0;0.0;;;;;;;;;0.0;0.0;0.0;0.0;0.0;0.0;0.035514;6000180;0.016023;1200036;;0;;8.400000;TAppEncoderStatic;TComDataCU::setMVPNumSubParts(int, RefPicList, unsigned int, unsigned int, unsigned int);[Unknown];0xae020
 TComDataCU::setMergeIndexSubParts;0.0;0.0;;;;;;;;;0.0;0.0;0.0;0.0;0.0;0.0;0.014206;2400072;0.0;0;;0;;0.0;TAppEncoderStatic;TComDataCU::setMergeIndexSubParts(unsigned int, unsigned int, unsigned int, unsigned int);[Unknown];0xad5f0
 TComDataCU::setPartSizeSubParts;0.0;0.0;;;;;;;;0.0;0.0;0.0;0.0;0.0;0.0;0.0;0.007103;1200036;0.0;0;;0;;0.0;TAppEncoderStatic;TComDataCU::setPartSizeSubParts(PartSize, unsigned int, unsigned int);[Unknown];0xac880
 TComDataCU::setTransformSkipSubParts;0.0;0.0;;;;;;;;;0.0;0.0;0.0;0.0;0.0;0.0;0.007103;1200036;0.0;0;;0;;0.0;TAppEncoderStatic;TComDataCU::setTransformSkipSubParts(unsigned int const*, unsigned int, unsigned int);[Unknown];0xae3b0
 TComInterpolationFilter::filter<(int)4, (bool)0, (bool)1, (bool)1>;0.0;0.0;;;;;;;;0.0;0.0;0.0;0.0;0.0;0.0;100.0;0.021308;3600108;0.016023;1200036;;0;;0.0;TAppEncoderStatic;void TComInterpolationFilter::filter<(int)4, (bool)0, (bool)1, (bool)1>(int, short const*, int, short*, int, int, int, short const*);[Unknown];0x10e210
 TComLoopFilter::loopFilterPic;0.0;0.0;;;;;;;;-0.0;0.0;0.0;0.0;0.0;0.0;0.0;0.0;0;0.016023;1200036;;0;;0.0;TAppEncoderStatic;TComLoopFilter::loopFilterPic(TComPic*);[Unknown];0xb4e40
 TComPattern::initPattern;0.0;0.0;;;;;;;;;0.0;0.0;0.0;0.0;0.0;0.0;0.014206;2400072;0.048069;3600108;;0;;12.000000;TAppEncoderStatic;TComPattern::initPattern(short*, int, int, int, int, int, int);[Unknown];0xbde30
 TComPrediction::filteringIntraReferenceSamples;0.0;0.0;;;;;;;;0.0;0.0;0.0;0.0;0.0;0.0;0.0;0.014206;2400072;0.0;0;;0;;0.0;TAppEncoderStatic;TComPrediction::filteringIntraReferenceSamples(ComponentID, unsigned int, unsigned int, unsigned int, ChromaFormat, bool);[Unknown];0xc0d90
 TComRdCost::setDistParamIntra;0.0;0.0;;;;;;;;0.0;0.0;0.0;0.0;0.0;0.0;0.0;0.0;0;0.016023;1200036;;0;;0.0;TAppEncoderStatic;TComRdCost::setDistParamIntra(DistParam&, int, short const*, int, short const*, int, int, int, bool);[Unknown];0xe7500
 TComTrQuant::invRdpcmNxN;0.0;0.0;;;;;;;;;0.0;0.0;0.0;0.0;0.0;0.0;0.014206;2400072;0.0;0;;0;;0.0;TAppEncoderStatic;TComTrQuant::invRdpcmNxN(TComTU&, ComponentID, short*, unsigned int);[Unknown];0x1027e0
 TComTrQuant::xITransformSkip;0.0;0.0;;;;;;;;0.0;0.0;0.0;0.0;0.0;0.0;0.0;0.007103;1200036;0.032046;2400072;;0;;0.0;TAppEncoderStatic;TComTrQuant::xITransformSkip(int*, short*, unsigned int, TComTU&, ComponentID);[Unknown];0x102ef0
 TEncCu::xComputeQP;0.0;0.0;;;;;;;;;0.0;0.0;0.0;0.0;0.0;0.0;0.0;0;0.016023;1200036;;0;;0.0;TAppEncoderStatic;TEncCu::xComputeQP(TComDataCU*, unsigned int);[Unknown];0x78180
 TEncEntropy::encodePUWise;0.0;0.0;;;;;;;;0.0;0.0;0.0;0.0;0.0;0.0;0.0;0.021308;3600108;0.016023;1200036;;0;;0.0;TAppEncoderStatic;TEncEntropy::encodePUWise(TComDataCU*, unsigned int);[Unknown];0x7d780
 TEncSbac::codeMVPIdx;0.0;0.0;;;;;;;;;0.0;0.0;0.0;0.0;0.0;0.0;0.007103;1200036;0.0;0;;0;;0.0;TAppEncoderStatic;TEncSbac::codeMVPIdx(TComDataCU*, unsigned int, RefPicList);[Unknown];0x80050
 TEncSbac::codeQtRootCbf;0.0;0.0;;;;;;;;0.0;0.0;0.0;0.0;0.0;0.0;0.0;0.007103;1200036;0.0;0;;0;;0.0;TAppEncoderStatic;TEncSbac::codeQtRootCbf(TComDataCU*, unsigned int);[Unknown];0x7f9a0
 TEncSearch::xAddSymbolBitsInter;0.0;0.0;;;;;;;;-0.0;0.0;0.0;100.0;0.0;0.0;0.0;0.014206;2400072;0.048069;3600108;;0;;0.0;TAppEncoderStatic;TEncSearch::xAddSymbolBitsInter(TComDataCU*, unsigned int&);[Unknown];0x93b00
 TEncSearch::xSetInterResidualQTData;0.0;0.0;;;;;;;;0.0;0.0;0.0;0.0;0.0;0.0;0.0;0.021308;3600108;0.0;0;;0;;7.000000;TAppEncoderStatic;TEncSearch::xSetInterResidualQTData(TComYuv*, bool, TComTU&);[Unknown];0x93700
 [sep5];0.0;0.0;;;;;;;;0.0;0.0;0.0;0.0;0.0;0.0;0.0;0.042617;7200216;0.128185;9600288;;0;;0.0;sep5;[sep5];[Unknown];0x0
 func@0x9760;0.0;0.0;;;;;;;;0.0;0.0;0.0;0.0;0.0;0.0;0.0;0.021308;3600108;0.0;0;;0;;0.0;TAppEncoderStatic;func@0x9760;[Unknown];0x9760
